formula,intensity,m/z
C6H6O3,12188321,125.02441
C6H10O4,2341747,145.05063
C7H6O4,2517670,153.01931
C6H10O5,3891512,161.04555
C7H6O5,48475340,169.01425
C8H14O4,2205826,173.08192
C6H8O6,2521704,175.02481
C6H12O6,7133555,179.05611
C9H10O4,2384522,181.05062
C9H16O4,7759401,187.09758
C6H8O7,24414398,191.01973
C11H12O3,2524360,191.07136
C6H10O7,57776676,193.03538
C11H14O3,36362796,193.08702
C6H12O7,7301012,195.05103
C10H18O4,2806823,201.11324
C10H20O4,3602880,203.12888
C7H10O7,2504011,205.03537
C11H12O4,16141560,207.06628
C11H14O4,137553584,209.08193
C12H20O3,2680428,211.13397
C9H12O6,7331806,215.05612
C11H20O4,4833263,215.12888
C11H12O5,55751472,223.06121
C7H14O8,6123792,225.06158
C11H14O5,15324435,225.07684
C12H18O4,2723612,225.11323
C14H26O2,3019054,225.18599
C10H12O6,2380532,227.05608
C12H20O4,12861189,227.12888
C14H28O2,20371222,227.20166
C11H18O5,2732778,229.10815
C12H22O4,5562611,229.14455
C13H26O3,2319100,229.18093
C7H7N1O8,5504950,232.0099
C15H22O2,2961619,233.15469
C8H12O8,4286123,235.04594
C12H12O5,2234030,235.06119
C8H14O8,4291748,237.0616
C12H14O5,2383527,237.07683
C13H18O4,4638897,237.11325
C11H12O6,2753690,239.05612
C8H16O8,2627743,239.07725
C12H16O5,9339555,239.0925
C13H20O4,3085484,239.12889
C15H28O2,4528830,239.20168
C11H14O6,2958998,241.07175
C12H18O5,4063392,241.10816
C13H22O4,2754729,241.14455
C14H26O3,2395314,241.1809
C15H30O2,20804796,241.21732
C13H25N1O3,2534830,242.17618
C14H12O4,2431631,243.06628
C12H20O5,3474078,243.12382
C13H24O4,3547815,243.16016
C13H10O5,2526852,245.04556
C11H18O6,2281619,245.10308
C12H22O5,2478236,245.13943
C9H13N1O7,3453318,246.06196
C13H12O5,3654275,247.0612
C12H10O6,2656377,249.04048
C12H12O6,6350456,251.05612
C13H16O5,3505793,251.09251
C11H10O7,2333292,253.0354
C8H14O9,51810416,253.05652
C12H14O6,2435701,253.07176
C9H18O8,3765371,253.0929
C13H18O5,4841599,253.10815
C14H22O4,3826824,253.14454
C16H30O2,39579800,253.21731
C12H16O6,40440432,255.08743
C13H20O5,2476667,255.12381
C16H32O2,97358488,255.23297
C11H15N1O6,4276076,256.08266
C12H18O6,3260524,257.10305
C13H22O5,2682997,257.13944
C14H26O4,3994750,257.17583
C9H8O9,3328585,259.00955
C13H8O6,5795405,259.02482
C14H12O5,2747478,259.06119
C12H20O6,2413156,259.11873
C14H14O5,2531404,261.07683
C11H18O7,3058257,261.09786
C12H22O6,4151386,261.13437
C9H12O9,3162674,263.04086
C13H12O6,4235829,263.05611
C12H10O7,2453532,265.03537
C13H14O6,2832933,265.07178
C9H16O9,3921421,267.07215
C15H24O4,4557346,267.16021
C16H28O3,2729515,267.19661
C17H32O2,6782516,267.23297
C15H10O5,3687402,269.04557
C9H18O9,10760180,269.0878
C13H18O6,4658168,269.10306
C14H22O5,4241409,269.13947
C15H26O4,2294281,269.17584
C16H30O3,6174738,269.21224
C17H34O2,6686747,269.24862
C11H13N1O7,3263710,270.06193
C15H12O5,9544141,271.0612
C12H16O7,5412306,271.08232
C14H24O5,2579427,271.15508
C15H28O4,5272044,271.19147
C16H32O3,6902261,271.22786
C11H15N1O7,18195134,272.07757
C14H10O6,3027874,273.04049
C15H14O5,4469675,273.07685
C13H22O6,2987960,273.13436
C15H30O4,3600329,273.20713
C13H8O7,5084530,275.01972
C14H12O6,11150714,275.05611
C15H16O5,2629507,275.09248
C14H14O6,9107277,277.07175
C18H30O2,8652654,277.21733
C13H12O7,11270417,279.05102
C14H16O6,2614041,279.08739
C18H32O2,12958010,279.23298
C13H14O7,2712790,281.06665
C10H18O9,3136219,281.08782
C18H34O2,17345278,281.24863
C13H16O7,3519637,283.08232
C14H20O6,28191900,283.11873
C15H24O5,4216997,283.15513
C18H36O2,20044988,283.26425
C15H10O6,19848768,285.04046
C13H18O7,2614860,285.098
C14H22O6,5187156,285.13439
C15H26O5,2807899,285.17074
C16H30O4,5180003,285.20712
C11H13N1O8,13766425,286.05684
C15H12O6,24342510,287.0561
C14H24O6,4079618,287.14998
C15H28O5,4102154,287.1864
C16H32O4,9107473,287.22277
C11H15N1O8,3573956,288.07246
C14H10O7,2677133,289.03536
C15H14O6,208613776,289.07176
C13H8O8,3847972,291.01464
C14H12O7,7021356,291.05102
C15H16O6,58028852,291.08743
C18H28O3,5131081,291.19656
C10H15N1O9,3167225,292.06727
C17H10O5,2667709,293.04557
C10H14O10,4681919,293.05144
C14H14O7,13997249,293.06668
C18H30O3,35362016,293.21221
C13H12O8,6544968,295.04593
C14H16O7,25073232,295.08232
C15H20O6,2728023,295.11873
C18H32O3,16344684,295.22786
C13H14O8,5056463,297.0616
C14H18O7,9803733,297.09797
C15H22O6,6356956,297.13435
C16H26O5,2670563,297.17076
C18H34O3,52885488,297.24351
C13H16O8,11233613,299.07726
C14H20O7,69564752,299.11365
C16H28O5,3291489,299.18638
C17H32O4,5865832,299.22281
C18H36O3,17938798,299.2592
C15H10O7,55360184,301.03537
C14H22O7,2485963,301.12926
C15H26O6,4965073,301.16567
C16H30O5,3044056,301.20208
C17H34O4,8575711,301.23843
C15H12O7,52083752,303.05102
C16H32O5,2325064,303.21768
C14H10O8,2691468,305.03027
C15H14O7,635518336,305.06667
C18H26O4,2518950,305.17584
C14H12O8,5551855,307.04597
C15H16O7,41271028,307.08232
C18H28O4,12799752,307.19147
C10H15N1O10,12840864,308.06221
C10H14O11,2507337,309.04638
C14H14O8,6092876,309.06157
C16H22O6,2232408,309.13435
C17H26O5,4096094,309.1708
C18H30O4,62259300,309.20716
C13H12O9,3007900,311.04082
C14H16O8,10420642,311.07727
C11H20O10,2706853,311.09836
C15H20O7,3696040,311.11366
C16H24O6,4403630,311.15002
C17H28O5,7745972,311.18642
C18H32O4,32965050,311.22279
C13H14O9,4536044,313.05649
C14H18O8,19456754,313.09292
C15H22O7,5520120,313.12929
C16H26O6,2665726,313.16562
C18H34O4,22496010,313.23843
C16H12O7,2708532,315.051
C13H16O9,2586679,315.07214
C14H20O8,7986237,315.10852
C16H28O6,9655369,315.1813
C18H36O4,4908117,315.2541
C15H10O8,88425840,317.03028
C16H14O7,5875065,317.06668
C15H12O8,33203892,319.04593
C16H16O7,7704250,319.08235
C17H20O6,34416320,319.11872
C14H10O9,6025194,321.02518
C15H14O8,38053872,321.06162
C16H18O7,13584373,321.09797
C18H26O5,2231809,321.17075
C14H12O9,3594529,323.04087
C15H16O8,3514663,323.07724
C17H24O6,2953522,323.15006
C18H28O5,10033463,323.18639
C14H14O9,4356692,325.05648
C11H18O11,3340887,325.07763
C15H18O8,2953817,325.09293
C16H22O7,2987615,325.12926
C17H26O6,9202276,325.16569
C18H30O5,32246378,325.20204
C13H13N1O9,4539114,326.05183
C18H16O6,9923461,327.08743
C11H20O11,2281350,327.09332
C15H20O8,3873672,327.10853
C16H24O7,2914189,327.14497
C17H28O6,2351507,327.18122
C18H32O5,73452440,327.2177
C19H36O4,3855261,327.25411
C17H14O7,4507818,329.06667
C17H30O6,3520701,329.19699
C18H34O5,29945026,329.23336
C19H38O4,13208776,329.26975
C16H12O8,4352460,331.0459
C13H16O10,14654927,331.0671
C17H16O7,5987793,331.08234
C14H20O9,2553812,331.10348
C18H20O6,3413462,331.11871
C18H36O5,13708777,331.24899
C15H10O9,9953002,333.02524
C16H14O8,12631791,333.06157
C17H18O7,6115061,333.098
C18H22O6,4665082,333.13433
C15H12O9,4812811,335.04084
C16H16O8,24956944,335.07726
C17H20O7,70209560,335.11361
C22H43N1O1,4606146,336.32719
C10H6N6O8,2765091,337.01733
C15H14O9,12394792,337.05649
C16H18O8,31035694,337.0929
C18H26O6,4636984,337.16569
C11H26N6O6,2227514,337.18426
C16H21N1O7,4653503,338.12451
C14H12O10,7119423,339.03579
C15H16O9,7180868,339.07214
C12H20O11,4641351,339.09333
C16H20O8,2374217,339.10857
C17H24O7,4573774,339.14491
C18H28O6,6728275,339.18134
C15H18O9,3173212,341.08778
C12H22O11,28390238,341.10894
C16H22O8,4045665,341.12421
C17H26O7,4592486,341.16055
C18H30O6,16208747,341.19702
C12H30N4O7,3157868,341.20419
C19H34O5,2454384,341.2333
C20H38O4,3446645,341.26979
C13H13N1O10,19076064,342.04669
C14H16O10,9606254,343.06706
C18H16O7,3086448,343.08234
C11H20O12,2707569,343.08821
C15H20O9,2900083,343.10343
C16H24O8,8238200,343.13982
C18H32O6,29742210,343.21261
C19H36O5,4930695,343.24902
C17H14O8,3049855,345.06161
C18H18O7,2670980,345.09796
C15H22O9,3294599,345.1191
C18H34O6,5490070,345.22829
C19H38O5,4230555,345.26466
C17H16O8,6936211,347.07723
C18H20O7,3783319,347.11363
C16H14O9,15824799,349.05653
C17H18O8,6707108,349.09288
C12H16O12,7987374,351.05692
C16H16O9,17397936,351.07215
C17H20O8,4935861,351.10856
C18H24O7,2234041,351.14488
C19H28O6,3305662,351.18136
C20H32O5,3315907,351.21772
C15H15N1O9,21838134,352.06743
C15H14O10,6879674,353.05147
C16H18O9,17824190,353.08779
C17H22O8,2249156,353.12426
C18H26O7,5030345,353.16056
C20H34O5,6402515,353.23335
C15H17N1O9,11573829,354.08306
C15H16O10,2971337,355.06709
C12H20O12,4807372,355.08821
C16H20O9,2384590,355.10342
C17H24O8,3684051,355.1398
C18H28O7,3560152,355.17628
C19H32O6,2272989,355.21258
C12H22O12,4766682,357.10387
C16H22O9,4273116,357.1191
C17H26O8,3213281,357.15551
C18H30O7,4772838,357.19187
C19H34O6,3396587,357.22823
C21H42O4,3611637,357.301
C18H16O8,2535651,359.07727
C16H24O9,13843691,359.13475
C20H24O6,10763501,359.15001
C18H32O7,5537013,359.20756
C18H35N1O6,4486527,360.23917
C13H14O12,2590186,361.04122
C17H14O9,5447149,361.0565
C18H18O8,4974065,361.0929
C15H22O10,3485172,361.11403
C18H34O7,2379267,361.22314
C13H16O12,5254905,363.05688
C17H16O9,9604859,363.07215
C18H20O8,6133504,363.10857
C20H28O6,2471690,363.18133
C15H11N1O10,4328316,364.03098
C16H14O10,3078149,365.05149
C13H18O12,4248584,365.07255
C17H18O9,4413450,365.08779
C19H26O7,2967572,365.16057
C20H30O6,7487513,365.19696
C21H34O5,4215838,365.23337
C15H13N1O10,7356556,366.04671
C17H37N1O7,14876839,366.24975
C12H16O13,2803987,367.05188
C16H16O10,2317590,367.06714
C17H20O9,11464986,367.10347
C18H24O8,2407711,367.13978
C19H28O7,4346148,367.1762
C20H32O6,4149545,367.21263
C21H36O5,7899438,367.24898
C15H15N1O10,91120032,368.06233
C12H18O13,43065892,369.06748
C17H22O9,2550316,369.11916
C19H30O7,3157558,369.19188
C15H17N1O10,12079790,370.078
C12H20O13,4089655,371.08308
C17H24O9,5811006,371.13474
C20H36O6,5473101,371.24389
C21H40O5,2703186,371.28032
C18H31N1O7,3641296,372.20282
C18H14O9,3079237,373.0565
C12H22O13,4353099,373.0988
C20H22O7,3062863,373.12926
C17H26O9,13603922,373.15039
C20H38O6,3946593,373.25958
C18H16O9,6350171,375.07214
C14H20N2O10,5025120,375.10445
C19H20O8,2675040,375.10857
C20H24O7,19203430,375.14493
C17H28O9,2524520,375.16605
C20H40O6,44557688,375.2752
C17H14O10,6604398,377.05145
C18H18O9,9545331,377.08783
C19H22O8,3322488,377.12418
C21H30O6,2243714,377.19696
C17H16O10,19031944,379.0671
C18H20O9,33875852,379.10344
C20H28O7,3985303,379.17623
C21H32O6,2817948,379.21258
C22H36O5,11823009,379.24902
C15H11N1O11,4990991,380.02591
C13H18O13,8071331,381.06748
C17H18O10,11868325,381.08276
C18H22O9,13326506,381.1191
C20H30O7,11004084,381.19191
C21H34O6,4038841,381.22834
C14H34N6O6,6516924,381.24689
C22H38O5,18098366,381.26466
C15H13N1O11,2325805,382.04158
C23H45N1O3,4776279,382.3327
C13H20O13,3424706,383.08308
C17H20O10,2843076,383.09835
C14H24O12,9660871,383.11951
C19H28O8,3188175,383.1711
C20H32O7,2375124,383.20752
C21H36O6,3891673,383.24396
C17H22O10,2237671,385.114
C22H26O6,2627310,385.16568
C21H38O6,3761916,385.25957
C19H16O9,2829316,387.07216
C13H24O13,13306890,387.11445
C17H24O10,8432653,387.1297
C22H28O6,43674644,387.1813
C21H40O6,5665826,387.27522
C14H15N1O12,4512916,388.05199
C18H31N1O8,2712746,388.19773
C19H18O9,4824366,389.08782
C20H22O8,4180275,389.12416
C17H26O10,24104246,389.14533
C22H30O6,4234558,389.19698
C21H42O6,3639628,389.29088
C18H33N1O8,3520981,390.21331
C18H16O10,5576277,391.06707
C19H20O9,2774619,391.10346
C20H24O8,12050016,391.13988
C10H28N6O10,3608166,391.17959
C16H7N7O6,3724008,392.03853
C19H39N1O7,17411850,392.26541
C17H14O11,3504001,393.0464
C10H14N6O11,2515844,393.06494
C18H18O10,15597446,393.08271
C19H22O9,2627468,393.11908
C20H26O8,2243473,393.15552
C21H30O7,3521431,393.19186
C22H34O6,2725789,393.22831
C23H38O5,5771170,393.26469
C19H41N1O7,6680638,394.2811
C17H16O11,56733876,395.06202
C18H20O10,64614588,395.09837
C20H28O8,3419335,395.17119
C21H32O7,4350157,395.20752
C22H36O6,3574994,395.24389
C23H40O5,3022040,395.28032
C17H18O11,7160304,397.07765
C18H22O10,10269174,397.11406
C20H30O8,7223809,397.18678
C21H34O7,4796935,397.22331
C22H38O6,2709005,397.25951
C20H16O9,3058475,399.07218
C20H32O8,2939712,399.20256
C21H36O7,4301638,399.23884
C22H40O6,2234188,399.27521
C20H18O9,5102703,401.08784
C17H22O11,2464882,401.10898
C22H26O7,7498875,401.16057
C21H38O7,3418250,401.25448
C19H16O10,3626418,403.06713
C20H20O9,3472824,403.10351
C17H24O11,5340603,403.12459
C21H24O8,2268606,403.13987
C22H28O7,105477568,403.17622
C21H40O7,3400147,403.27014
C22H44O6,16045529,403.3065
C14H15N1O13,13514324,404.0469
C12H23N1O14,4294237,404.10466
C19H18O10,7010048,405.08276
C20H22O9,15066886,405.11909
C21H26O8,2787084,405.15548
C22H30O7,4747027,405.19187
C24H38O5,4568863,405.26464
C21H42O7,3835682,405.28579
C24H13N3O4,7161769,406.08338
C17H12O12,2295880,407.02563
C10H12N6O12,3259467,407.04422
C18H16O11,2859086,407.06198
C19H20O10,4872277,407.09834
C20H24O9,2734171,407.13476
C21H28O8,2667617,407.17115
C22H32O7,2781287,407.20754
C24H40O5,7944308,407.28034
C32H10O1,2754982,409.06576
C18H18O11,4633000,409.07762
C19H22O10,3088815,409.11402
C21H30O8,2801083,409.18677
C22H34O7,3790274,409.22316
C23H38O6,4647368,409.25956
C24H42O5,2871758,409.29591
C20H25N7O3,30734954,410.19464
C21H16O9,2384645,411.07216
C14H20O14,9231110,411.07809
C18H20O11,3229449,411.09338
C21H32O8,4231964,411.20249
C22H36O7,3017506,411.23881
C21H18O9,5153900,413.08781
C15H26O13,3528819,413.13012
C21H34O8,3569795,413.21808
C20H16O10,40811988,415.06709
C21H20O9,8109530,415.10349
C21H36O8,2320881,415.2338
C20H18O10,11550535,417.08275
C17H22O12,2494283,417.10382
C21H22O9,4351822,417.1191
C22H26O8,19652436,417.15547
C23H30O7,2315100,417.19186
C20H34O9,2496352,417.21311
C24H34O6,2376547,417.22831
C14H16N2O13,4784315,419.05796
C22H28O8,79888592,419.17112
C24H36O6,7745759,419.24394
C21H40O8,4710627,419.26512
C25H40O5,3442918,419.28027
C22H44O7,28025066,419.30142
C21H43N1O7,9343400,420.29671
C11H14N6O12,7868987,421.05985
C19H18O11,4823615,421.07758
C20H22O10,5853766,421.11403
C21H26O9,2779725,421.15041
C23H34O7,3485275,421.22315
C24H38O6,4749922,421.25958
C25H42O5,12825193,421.29597
C19H20O11,8405960,423.09331
C20H24O10,3017679,423.12963
C22H32O8,2764766,423.20246
C24H40O6,14963692,423.27518
C22H18O9,47383892,425.08781
C19H22O11,2586969,425.10898
C22H34O8,2553199,425.21807
C24H42O6,4957566,425.29087
C21H16O10,6147813,427.06709
C22H36O8,4043527,427.23376
C18H39N1O10,3472344,428.24996
C21H18O10,15313028,429.08274
C20H16O11,9849378,431.06199
C21H20O10,34900520,431.09841
C14H24O15,20113964,431.10427
C15H28O14,8944179,431.1406
C23H28O8,3579449,431.1711
C21H36O9,3015238,431.22865
C20H18O11,15518671,433.07764
C21H22O10,4570071,433.11402
C22H26O9,19352544,433.15042
C24H34O7,4201455,433.22318
C26H42O5,2849790,433.29599
C20H21N1O10,5446830,434.10929
C15H12N6O10,2450811,435.05417
C20H20O11,7155076,435.09329
C24H20O8,3171719,435.10851
C21H24O10,3935628,435.12967
C22H28O9,8895892,435.16609
C11H28N6O12,4336021,435.16937
C23H32O8,2291100,435.20248
C24H36O7,9055651,435.23878
C25H40O6,3638700,435.27526
C26H44O5,10431923,435.31164
C11H14N6O13,11411251,437.05476
C19H18O12,3008311,437.07251
C20H22O11,4745024,437.10896
C21H26O10,3573576,437.14533
C15H30N6O9,4087636,437.20029
C23H34O8,3768152,437.21805
C24H38O7,6219616,437.25452
C25H42O6,12275560,437.29091
C33H12O2,31953144,439.0763
C12H20N6O12,20107518,439.10685
C20H24O11,4116738,439.12464
C24H40O7,4573475,439.27016
C22H18O10,2400424704,441.08271
C23H22O9,2825928,441.11893
C21H16O11,32330888,443.06202
C21H18O11,68163168,445.07764
C25H50O6,4103842,445.35349
C20H16O12,34248760,447.0569
C21H20O11,21444672,447.09329
C22H24O10,3864649,447.12969
C23H44O8,2672753,447.29633
C27H44O5,16668788,447.31165
C24H48O7,12138618,447.33277
C20H18O12,23067166,449.07256
C21H22O11,3505703,449.10898
C22H26O10,3345968,449.14536
C24H34O8,2908738,449.21811
C26H42O6,3570260,449.29089
C27H46O5,29776476,449.32729
C20H20O12,6341645,451.08815
C24H20O9,22666256,451.10347
C21H24O11,3313686,451.12455
C22H28O10,2937887,451.16101
C16H32N6O9,7760941,451.21599
C24H36O8,4566065,451.23371
C25H40O7,2808890,451.27016
C26H44O6,10894403,451.30657
C27H48O5,2882636,451.34294
C20H22O12,5838339,453.10381
C24H22O9,2369030,453.11905
C24H38O8,5262887,453.24938
C22H16O11,25305074,455.0621
C23H20O10,44359676,455.09841
C20H24O12,2837504,455.11954
C24H40O8,5074981,455.26506
C21H11N7O6,2934002,456.06975
C22H18O11,5918401024,457.0776
C24H42O8,2243114,457.28069
C25H46O7,2448947,457.31711
C21H16O12,8995832,459.05688
C22H20O11,14840833,459.09326
C24H28O9,2677780,459.1661
C15H36N6O10,3057704,459.2422
C21H18O12,43755020,461.07258
C22H22O11,5359125,461.10905
C24H30O9,2264616,461.18168
C25H34O8,5672498,461.21805
C27H42O6,3748421,461.29097
C28H46O5,2835023,461.32729
C20H17N1O12,3395348,462.06788
C20H16O13,5675036,463.05189
C21H20O12,64366628,463.08825
C22H24O11,3105840,463.12455
C24H32O9,2317379,463.19737
C25H36O8,4302925,463.23377
C27H44O6,20662368,463.30655
C28H48O5,3774570,463.34292
C20H18O13,2961982,465.06747
C21H22O12,6273608,465.10392
C17H34N6O9,11631211,465.23165
C25H38O8,2496112,465.24954
C26H42O7,3406458,465.28588
C27H46O6,30550660,465.32222
C20H20O13,2454632,467.08314
C24H20O10,8481900,467.09835
C21H24O12,3880050,467.11958
C25H24O9,74230904,467.1348
C25H40O8,3326106,467.26497
C26H44O7,2441380,467.30146
C23H18O11,3055251,469.07769
C16H22O16,2504341,469.08354
C20H22O13,3157657,469.09885
C24H22O10,4163229,469.11403
C21H26O12,4249251,469.13512
C24H38O9,2903746,469.24437
C23H41N3O7,2429927,470.28737
C22H16O12,109686976,471.05688
C23H20O11,155431120,471.09328
C24H24O10,4724950,471.12967
C25H28O9,6127840,471.16607
C29H44O5,3300618,471.31165
C22H18O12,69186304,473.0726
C23H22O11,2799372,473.10899
C24H26O10,2762518,473.14529
C21H30O12,3213084,473.16644
C29H46O5,5153611,473.32729
C27H54O6,2640731,473.38472
C17H12N6O11,3526974,475.04919
C21H16O13,5780799,475.05186
C22H20O12,28677450,475.08824
C21H20N2O11,2529612,475.09943
C24H28O10,2810206,475.16099
C25H32O9,3509609,475.19738
C29H48O5,6915476,475.34289
C21H18O13,18053006,477.06732
C26H14N4O6,6911891,477.08388
C22H22O12,6109081,477.10386
C24H30O10,3880878,477.17669
C25H34O9,4417465,477.21303
C27H42O7,4212686,477.28577
C28H46O6,3741657,477.32211
C29H50O5,3622884,477.3585
C20H17N1O13,174962864,478.06279
C21H20O13,78428648,479.08315
C25H36O9,3463696,479.22868
C27H44O7,8370726,479.30144
C28H48O6,4260401,479.33775
C20H18O14,8961080,481.06225
C21H22O13,5829699,481.09883
C25H22O10,5846088,481.11405
C16H30N6O11,4830303,481.19012
C25H38O9,2423919,481.24441
C26H42O8,2688122,481.28076
C27H46O7,4926598,481.31711
C15H20N2O16,3312285,483.07411
C20H20O14,11407006,483.07804
C24H20O11,2879139,483.09334
C21H24O13,11546281,483.11449
C25H24O10,133021360,483.12971
C26H28O9,6606522,483.16611
C30H60O4,2590478,483.44184
C23H18O12,9445638,485.0726
C24H22O11,5099793,485.10892
C21H26O13,11063575,485.13006
C25H26O10,7227676,485.14527
C26H30O9,2308392,485.1817
C22H16O13,5841776,487.05179
C23H20O12,109462392,487.08823
C24H24O11,3750791,487.12461
C25H28O10,4782994,487.16096
C29H44O6,9192384,487.30656
C22H19N1O12,12244149,488.08346
C22H18O13,20448748,489.0675
C23H22O12,19539448,489.10387
C25H30O10,3670544,489.17661
C29H46O6,8685118,489.32217
C21H16O14,2603110,491.04674
C22H20O13,7157874,491.08314
C23H24O12,2465917,491.11956
C25H32O10,2617493,491.19232
C27H40O8,2362540,491.26508
C29H48O6,15632580,491.33779
C21H19N1O13,3881395,492.07846
C22H22O13,4350718,493.09876
C24H30O11,2788118,493.17163
C27H42O8,2421562,493.28078
C29H50O6,6488914,493.35349
C20H17N1O14,411946048,494.0577
C21H20O14,4832647,495.07797
C26H24O10,2251160,495.12978
C17H32N6O11,6931889,495.20585
C25H36O10,3195319,495.22361
C27H44O8,5123535,495.29629
C28H48O7,5176795,495.33274
C21H22O14,11735075,497.0937
C25H22O11,6195240,497.10892
C22H26O13,2358319,497.13002
C26H26O10,6447156,497.14531
C25H38O10,4372564,497.23929
C31H62O4,2820252,497.45756
C15H12N6O14,5272238,499.03389
C24H20O12,9003712,499.08819
C21H24O14,31429318,499.10933
C25H24O11,45191884,499.12458
C26H28O10,25326296,499.16095
C15H15N7O13,3432458,500.06561
C15H14N6O14,2698585,501.04939
C23H18O13,12318047,501.06751
C20H22O15,3139942,501.08865
C24H22O12,7009644,501.10392
C21H26O14,8807795,501.12505
C25H26O11,5631352,501.1403
C26H30O10,5049733,501.17656
C29H42O7,4281770,501.28589
C30H46O6,2331062,501.32217
C23H20O13,263968784,503.08312
C24H24O12,2258975,503.11959
C18H32O16,10692654,503.16179
C26H32O10,2656312,503.19233
C17H40N6O11,3530835,503.26843
C29H44O7,14186590,503.30142
C22H19N1O13,449173856,504.07836
C22H18O14,15301313,505.06243
C37H14O3,7232202,505.08696
C23H22O13,18586318,505.0988
C25H30O11,4297448,505.17154
C20H38N6O9,3959559,505.26288
C29H46O7,10234650,505.31711
C22H20O14,3761541,507.07804
C19H36N6O10,3148223,507.24225
C29H48O7,14564830,507.33277
C21H19N1O14,11923173,508.07329
C18H34N6O11,9646205,509.22149
C27H42O9,2732177,509.27554
C28H46O8,2453662,509.31207
C29H50O7,4823211,509.34833
C32H62O4,4131026,509.45764
C21H20O15,2824982,511.07291
C36H16O4,3363615,511.09744
C26H24O11,4428585,511.12464
C27H28O10,7103286,511.16094
C27H44O9,3591013,511.29126
C28H48O8,3452786,511.3277
C32H64O4,3781542,511.47318
C22H15N3O12,64709756,512.05855
C24H18O13,3699177,513.06759
C25H22O12,6401526,513.10389
C26H26O11,12355076,513.14029
C26H9N7O6,8062802,514.05435
C22H17N3O12,2610009,514.07404
C24H21N1O12,6711138,514.09917
C24H20O13,22382796,515.08318
C26H12N8O5,3741901,515.08594
C21H24O15,6439124,515.10429
C25H24O12,32647386,515.11955
C26H28O11,35350760,515.15591
C27H32O10,3297524,515.1923
C28H11N3O8,11573808,516.04735
C15H15N7O14,5087797,516.06063
C15H10N4O17,3581841,516.99693
C15H14N6O15,9780130,517.04435
C24H22O13,21138358,517.09881
C25H26O12,3515333,517.1352
C26H30O11,4541394,517.17146
C17H38N6O12,2597870,517.24766
C29H42O8,7240699,517.2807
C30H46O7,2349064,517.3171
C23H21N1O13,7621931,518.09403
C23H20O14,3919516,519.07809
C24H24O13,18353834,519.11443
C17H40N6O12,4761314,519.26329
C21H40N6O9,6450920,519.27854
C29H44O8,14012142,519.2963
C22H19N1O14,897314816,520.07326
C14H14N6O16,12747138,521.03955
C23H22O14,4247959,521.09368
C20H38N6O10,7647702,521.25788
C29H46O8,10793450,521.31201
C19H17N5O13,2736909,522.07495
C14H16N6O16,5053573,523.05518
C22H20O15,6640780,523.07298
C29H48O8,8250606,523.32771
C30H52O7,25105660,523.36411
C32H7N5O4,3651074,524.04229
C21H19N1O15,3485196,524.06815
C23H14N2O13,3236741,525.04237
C26H22O12,3989405,525.10384
C27H26O11,4044715,525.14025
C21H21N1O15,3171611,526.08391
C25H20O13,4805282,527.08317
C18H24O18,2638500,527.08917
C26H24O12,6562480,527.11956
C27H28O11,2853566,527.15598
C24H18O14,7839151,529.06242
C42H10O1,3036592,529.06565
C25H22O13,21708220,529.09877
C26H26O12,10034635,529.13516
C24H26N4O10,5662164,529.15762
C27H46O10,2355725,529.30206
C24H21N1O13,2725704,530.09408
C25H45N3O9,2268062,530.30854
C24H20O14,184942800,531.07802
C25H24O13,343933152,531.11444
C26H28O12,4651247,531.15089
C27H32O11,2820349,531.18718
C29H40O9,2331930,531.26008
C24H22O14,32572412,533.09373
C25H26O13,6136844,533.13009
C27H34O11,2605097,533.20291
C29H42O9,6229063,533.27559
C22H42N6O9,8176718,533.29419
C19H17N7O12,2344335,534.08631
C23H21N1O14,23815568,534.0889
C24H24O14,2749232,535.10933
C18H32O18,7264066,535.15157
C23H36O14,3033943,535.20329
C21H40N6O10,10286963,535.2735
C29H44O9,7022459,535.29131
C22H19N1O15,3598521,536.06821
C15H18N6O16,4721238,537.07092
C23H22O15,9386589,537.08865
C25H30O13,8448635,537.16131
C29H46O9,8301239,537.30695
C23H13N3O13,10312677,538.03776
C29H48O9,5344764,539.32257
C30H52O8,25251338,539.35901
C23H15N3O13,44338988,540.05344
C21H19N1O16,97783600,540.06294
C15H18N4O18,4975826,541.05454
C26H22O13,10133732,541.09883
C19H26O18,2308327,541.10476
C27H26O12,10748147,541.13518
C27H9N7O7,2522741,542.04909
C35H13N1O6,2758268,542.06723
C28H16O12,4420640,543.05705
C25H20O14,7328809,543.07806
C26H24O13,7623736,543.11449
C27H28O12,2433096,543.15101
C25H22O14,44963716,545.09367
C27H14N8O6,5027719,545.09658
C18H26O19,32348040,545.09955
C26H26O13,13735829,545.13006
C31H46O8,2905059,545.31202
C25H25N1O13,9709889,546.12538
C24H20O15,543431360,547.07298
C25H24O14,772020992,547.10934
C26H28O13,2841338,547.14566
C22H40N6O10,2337585,547.27355
C30H44O9,2615097,547.29127
C24H22O15,2453064,549.08845
C19H34O18,3030634,549.16725
C21H38N6O11,2282127,549.25268
C29H42O10,2416279,549.27057
C22H42N6O10,12508831,549.28915
C23H21N1O15,3010556,550.08389
C28H24O12,3017156,551.11957
C23H36O15,9138663,551.19811
C29H44O10,3062286,551.2863
C32H56O7,7393855,551.39534
C28H27N1O11,2425741,552.15116
C44H10O1,7103780,553.06577
C27H22O13,3661107,553.09872
C29H46O10,4351374,553.30185
C22H21N1O16,2460393,554.07871
C21H19N1O17,369502816,556.05792
C18H23N1O19,47082092,556.07896
C22H14N4O14,4049955,557.04355
C26H14N4O11,45132844,557.05886
C26H22O14,17394746,557.09367
C27H26O13,8895563,557.13007
C33H66O6,6116585,557.47863
C27H9N7O8,8023532,558.04417
C24H17N1O15,4804080,558.0527
C28H16O13,37367736,559.05197
C26H24O14,34516948,559.10937
C15H24N6O17,2953173,559.11227
C19H28O19,4310998,559.11511
C23H28O16,3799005,559.1305
C27H28O13,6025188,559.14572
C31H44O9,3358759,559.29131
C25H23N1O14,2778526,560.10473
C42H10O3,2923350,561.05558
C25H22O15,41612132,561.08867
C26H26O14,43119476,561.12505
C30H26O11,2500477,561.14018
C31H46O9,4809674,561.30692
C25H25N1O14,18658628,562.12031
C22H16N2O16,3428084,563.04289
C25H24O15,14178064,563.10435
C29H24O12,5590808,563.11964
C26H28O14,15300385,563.14069
C22H40N6O11,3822429,563.26835
C24H20N6O11,5717624,567.11148
C28H24O13,65191544,567.11445
C32H56O8,7786237,567.39033
C28H27N1O12,6023271,568.14611
C44H10O2,19980832,569.06074
C27H22O14,8090160,569.09375
C28H26O13,4317761,569.13007
C22H21N1O17,9417737,570.07364
C27H25N1O13,35488804,570.12538
C27H24O14,12170752,571.10942
C28H28O13,8082962,571.14575
C19H36N6O14,12281399,571.22191
C28H40N6O7,3156568,571.28881
C30H52O10,2871925,571.3487
C34H68O6,6375101,571.49446
C18H23N1O20,73058264,572.07391
C26H22O15,11155913,573.08865
C27H26O14,19409372,573.12502
C28H30O13,19245550,573.16145
C26H25N1O14,12676038,574.12023
C27H29N1O13,2609112,574.15678
C36H8N4O5,3054991,575.0424
C26H24O15,73452976,575.10424
C27H28O14,15109568,575.14063
C29H19N7O7,3051436,576.12727
C26H27N1O14,4978608,576.13583
C42H10O4,2818426,577.0506
C46H10O1,2830721,577.06591
C25H22O16,5765514,577.08356
C29H18N6O8,3283352,577.11127
C26H26O15,10891676,577.11996
C30H26O12,35836324,577.13519
C19H26N6O15,3211686,577.1383
C27H30O14,5425583,577.15631
C19H42N6O14,25661928,577.26877
C29H24O13,16815498,579.11446
C30H28O12,4316573,579.15085
C19H44N6O14,4924897,579.2845
C28H22O14,10037626,581.0937
C29H26O13,5390733,581.1301
C30H30O12,3055007,581.16637
C19H46N6O14,6195684,581.30016
C24H25N1O16,3580804,582.11013
C27H20O15,3267956,583.07293
C28H24O14,137518464,583.10939
C29H28O13,5490074,583.14585
C35H68O6,6948430,583.49436
C31H7N1O12,5398351,583.98951
C28H27N1O13,3624861,584.14101
C26H14N6O11,3381630,585.06506
C23H18N6O13,9290121,585.08613
C27H22O15,12566923,585.0886
C28H26O14,10178974,585.12495
C29H30O13,6261169,585.16131
C33H46O9,2300413,585.30684
C31H54O10,2456091,585.36433
C35H70O6,22127206,585.50997
C27H25N1O14,96756648,586.12028
C27H24O15,20579756,587.1043
C20H28O20,5352879,587.1101
C28H28O14,23127488,587.14069
C29H32O13,3818962,587.17707
C33H48O9,3146271,587.32272
C27H27N1O14,10487757,588.13588
C28H31N1O13,3199968,588.17225
C26H22O16,2612676,589.0837
C23H26O18,8788431,589.1047
C27H26O15,29813208,589.11996
C16H26N6O18,2505177,589.1231
C28H30O14,23570922,589.15631
C26H25N1O15,33811436,590.11519
C44H17N1O2,2833389,590.11838
C36H8N4O6,8011225,591.03719
C26H24O16,51768828,591.09913
C30H24O13,4535811,591.11443
C27H28O15,13192718,591.13551
C31H28O12,2310678,591.15063
C19H40N6O15,2362954,591.248
C29H22O14,8520240,593.09367
C26H26O16,10191419,593.11482
C30H26O13,34419268,593.1301
C27H30O15,8757839,593.15123
C20H34O20,2770514,593.15717
C31H30O12,7578199,593.16654
C19H42N6O15,8942220,593.26376
C38H12N8O1,2733690,595.10611
C29H24O14,27047548,595.10936
C28H24N2O13,4249218,595.12048
C30H28O13,13956751,595.14578
C31H32O12,2665123,595.18223
C28H22O15,14539454,597.08867
C33H18N4O8,2448071,597.10506
C29H26O14,9140946,597.12508
C30H30O13,7334630,597.16149
C33H42O10,2641698,597.27061
C28H24O15,24117024,599.10429
C29H28O14,6463284,599.14069
C30H32O13,6147912,599.17703
C31H36O12,3157852,599.21351
C21H40N6O14,5293938,599.25313
C33H44O10,5556101,599.28613
C36H72O6,4671499,599.52559
C31H7N1O13,18006284,599.98442
C28H27N1O14,7672161,600.1359
C27H22O16,17433462,601.08356
C28H26O15,10503052,601.11995
C39H22O7,8291217,601.12918
C29H30O14,14836640,601.15636
C30H34O13,6165429,601.19275
C24H38N6O12,3840980,601.24768
C33H46O10,3181554,601.30179
C30H50O12,4574206,601.3229
C27H25N1O15,3800511,602.11522
C28H29N1O14,2375124,602.15137
C27H24O16,19941358,603.09922
C31H24O13,3242999,603.11431
C37H16N8O2,2631681,603.13227
C28H28O15,25683972,603.13562
C29H32O14,5898264,603.17192
C23H36N6O13,2793528,603.22698
C33H48O10,4599915,603.31742
C27H27N1O15,21547580,604.13079
C27H26O16,37850224,605.11489
C31H26O13,6730875,605.13007
C28H30O15,6476935,605.15124
C33H50O10,2365679,605.33296
C26H24O17,4442347,607.09415
C30H24O14,8978676,607.10941
C27H28O16,11923712,607.13056
C31H28O13,25514248,607.14578
C20H10N4O19,2507068,608.98656
C29H22O15,30365048,609.08862
C39H14N8O1,3388811,609.12158
C30H26O14,36427148,609.12499
C27H30O16,11974041,609.14613
C31H30O13,8095139,609.16132
C19H42N6O16,7898588,609.25872
C37H70O6,2322031,609.50997
C28H41N3O12,2394155,610.2617
C28H16N6O11,2412047,611.08067
C29H24O15,122001952,611.10423
C30H28O14,15882803,611.1406
C31H32O13,8698440,611.17699
C19H44N6O16,3621506,611.27436
C37H72O6,6294295,611.52562
C28H22O16,20553400,613.08357
C33H18N4O9,4282050,613.09995
C32H18N6O8,6016713,613.1111
C29H26O15,6500046,613.11989
C30H30O14,6741732,613.15627
C31H34O13,16989946,613.19261
C32H38O12,3540751,613.22895
C33H42O11,2912037,613.26538
C37H74O6,11743178,613.54131
C29H29N1O14,2800953,614.1516
C37H12N8O3,3351411,615.09574
C28H24O16,37610356,615.09923
C46H16O3,3113847,615.10271
C29H28O15,7889803,615.1356
C30H32O14,15000481,615.17201
C29H32N2O13,6792103,615.18325
C31H36O13,7979959,615.20837
C21H40N6O15,3963855,615.24813
C25H40N6O12,5626840,615.26332
C33H44O11,7836643,615.28101
C28H27N1O15,2564582,616.13069
C29H31N1O14,3499516,616.16718
C27H22O17,2373671,617.07823
C28H26O16,11892797,617.11487
C29H30O15,10729555,617.15124
C30H34O14,7108714,617.18758
C24H38N6O13,9377931,617.2426
C33H46O11,4675756,617.29682
C27H24O17,4783355,619.09414
C31H24O14,5160197,619.10946
C28H28O16,21384466,619.13053
C29H32O15,4924712,619.16688
C33H48O11,3125634,619.31244
C27H26O17,14758363,621.10974
C31H26O14,16896484,621.12499
C28H30O16,13955570,621.14612
C32H30O13,2832892,621.16142
C31H29N1O13,2796648,622.15652
C30H24O15,10233531,623.10434
C27H28O17,13407944,623.12544
C31H28O14,83080912,623.14066
C30H26O15,22363060,625.11992
C34H22N6O7,4637637,625.14771
C31H30O14,6814667,625.15631
C32H34O13,3398626,625.19278
C48H34O1,2643976,625.25366
C29H24O16,257474720,627.09922
C30H28O15,6865081,627.13553
C31H32O14,9998544,627.17192
C32H36O13,7577831,627.20823
C48H36O1,4567310,627.26924
C30H40N6O9,2583828,627.2787
C43H18O6,7103915,629.1029
C32H18N6O9,12297645,629.10607
C29H26O16,5555635,629.11469
C28H26N2O15,6419898,629.12587
C30H30O15,7734730,629.15121
C31H34O14,50054624,629.18762
C32H38O13,11515385,629.22407
C26H42N6O12,7357981,629.279
C29H29N1O15,4532304,630.14651
C28H24O17,58084024,631.09413
C29H28O16,6310609,631.13046
C30H32O15,17058536,631.16692
C29H32N2O14,18467568,631.17812
C31H36O14,5204737,631.20327
C32H40O13,4696856,631.23967
C25H40N6O13,15797028,631.25825
C33H44O12,3447600,631.27599
C28H27N1O16,2567517,632.12564
C29H31N1O15,3215732,632.16223
C27H22O18,122933192,633.07338
C28H26O17,43978724,633.10976
C29H30O16,9531388,633.14612
C30H34O15,4040724,633.18233
C33H46O12,5595228,633.29161
C30H16N6O11,5930237,635.08066
C27H24O18,58381572,635.08902
C31H24O15,5330189,635.10431
C28H28O17,143250720,635.12537
C33H32O13,112055616,635.17699
C33H48O12,3201429,635.30741
C31H26O15,8735313,637.11984
C42H22O7,4428376,637.12914
C31H22N6O10,5380698,637.13262
C23H30N2O19,4242013,637.13729
C28H30O17,45374048,637.141
C32H30O14,10357354,637.15626
C18H34N6O19,2761338,637.18049
C36H26N6O6,6638205,637.18389
C33H34O13,2341506,637.19258
C31H29N1O14,2348808,638.15125
C30H24O16,6563722,639.09927
C31H28O15,63889316,639.13561
C32H32O14,3997628,639.17213
C33H36O13,2746324,639.20859
C30H27N1O15,5210696,640.13085
C29H22O17,3800271,641.0784
C30H26O16,18703592,641.1149
C34H22N6O8,3497211,641.14262
C31H30O15,7636225,641.15126
C32H34O14,9749786,641.18762
C33H38O13,4934963,641.2241
C48H34O2,3646788,641.24864
C34H42O12,3603788,641.26046
C29H24O17,3142203,643.09412
C30H28O16,4125268,643.13066
C31H32O15,8661613,643.16695
C32H36O14,21506694,643.20329
C33H40O13,4545183,643.23974
C48H36O2,3268272,643.26399
C29H26O17,7151539,645.10988
C28H26N2O16,13479867,645.1209
C30H30O16,6512589,645.14619
C31H34O15,39120868,645.1825
C32H38O14,7176191,645.21884
C26H42N6O13,19181606,645.27386
C30H33N1O15,2493598,646.17773
C28H24O18,3021087,647.08913
C29H28O17,11875641,647.12539
C30H32O16,3011922,647.16185
C34H32O13,2422621,647.17683
C34H28N6O8,2341222,647.18966
C31H36O15,6456684,647.19806
C32H40O14,5309830,647.23449
C28H26O18,97286832,649.10468
C29H30O17,20003532,649.14106
C33H30O14,21617366,649.15626
C34H34O13,4864753,649.19271
C28H28O18,417136736,651.12031
C33H32O14,588578944,651.17192
C22H14N4O20,10749353,653.0131
C42H22O8,13256185,653.12406
C31H22N6O11,17368572,653.12744
C23H30N2O20,5187071,653.13211
C28H30O18,49317376,653.13599
C32H30O15,14525965,653.1512
C18H34N6O20,15402526,653.17547
C36H26N6O7,34178592,653.17892
C33H34O14,3380263,653.18734
C34H38O13,4693570,653.22403
C32H33N1O14,3856634,654.18266
C30H24O17,6364052,655.09413
C31H28O16,8801199,655.13057
C31H24N6O11,2342840,655.14305
C32H32O15,6519753,655.16691
C33H36O14,8453092,655.20331
C34H40O13,4154366,655.23968
C35H44O12,3089433,655.2763
C29H64N6O10,4576417,655.46138
C30H27N1O16,2824841,656.12589
C30H26O17,3258718,657.10998
C31H30O16,3551609,657.14621
C32H34O15,8221076,657.18257
C33H38O14,15536559,657.21895
C34H42O13,10482121,657.25534
C30H29N1O16,3243098,658.14145
C30H28O17,4118326,659.1255
C31H32O16,5924689,659.1618
C32H36O15,11929452,659.19813
C33H40O14,5808007,659.23452
C38H76O8,3340400,659.54699
C30H30O17,3640604,661.14105
C31H34O16,5225783,661.1774
C35H34O13,4252995,661.19261
C32H38O15,7884115,661.21379
C29H28O18,22708980,663.12034
C33H28O15,2360064,663.1355
C34H32O14,3996444,663.17205
C31H36O16,2543403,663.19295
C28H26O19,7379163,665.09966
C29H30O18,18958582,665.136
C28H30N2O17,7006463,665.14718
C33H30O15,77015296,665.15124
C34H34O14,18835742,665.18763
C24H42O21,6334771,665.21474
C28H28O19,52309740,667.11522
C32H28O16,6979319,667.1305
C33H32O15,820850432,667.16685
C34H36O14,5779248,667.20331
C36H44O12,2521960,667.27607
C22H14N4O21,39089324,669.00796
C31H22N6O12,2645252,669.1222
C32H30O16,6243606,669.1463
C31H26N8O10,21656872,669.17023
C36H26N6O8,47461676,669.17391
C41H26N4O6,4748591,669.17772
C34H38O14,16971088,669.21893
C36H46O12,13776264,669.29169
C30H66N6O10,6964761,669.477
C32H33N1O15,5101630,670.17773
C31H28O17,3681063,671.12546
C32H32O16,4461380,671.16167
C33H36O15,8440673,671.19821
C34H40O14,10673021,671.2346
C35H44O13,8567706,671.27105
C25H23N1O21,3640849,672.06908
C31H30O17,2747748,673.14084
C32H34O16,5794177,673.17735
C33H38O15,10924446,673.21383
C34H42O14,3115451,673.25013
C51H16O3,4421508,675.10251
C31H32O17,2825135,675.15657
C32H36O16,5648333,675.19304
C29H27N1O18,2507444,676.11579
C26H30O21,3134945,677.12058
C30H30O18,5027309,677.13606
C31H34O17,2848267,677.17249
C35H34O14,2736663,677.18765
C36H38O13,5389877,677.22405
C29H28O19,2407482,679.11528
C33H28O16,5211206,679.13047
C30H32O18,3372120,679.15177
C34H32O15,5254245,679.16692
C35H36O14,3636354,679.20322
C33H30O16,66443968,681.14615
C34H34O15,24591072,681.18254
C35H38O14,5868285,681.21892
C37H46O12,2842426,681.29179
C32H8N6O13,8765643,683.00763
C32H28O17,3219758,683.12569
C23H32N4O20,3050309,683.15384
C28H32N2O18,3006792,683.15749
C33H32O16,32530764,683.16178
C34H36O15,6799723,683.19824
C35H40O14,2621832,683.23426
C36H44O13,8802727,683.27101
C37H48O12,12878278,683.30738
C32H30O17,3037129,685.14119
C33H34O16,4198376,685.17745
C34H38O15,18991110,685.21385
C35H42O14,4904997,685.25025
C36H46O13,36677700,685.28664
C32H32O17,2970228,687.15643
C33H36O16,4402836,687.19302
C34H40O15,8310451,687.22943
C35H44O14,4323026,687.2658
C39H40N6O6,2832106,687.29365
C26H22N6O17,2559217,689.09684
C31H30O18,3018003,689.13604
C32H34O17,2586930,689.17221
C36H36O14,3238926,691.20313
C30H30O19,4510370,693.131
C36H38O14,4784879,693.21902
C33H28O17,2767232,695.12533
C30H32O19,19761556,695.14653
C34H32O16,4329889,695.1617
C35H36O15,5855681,695.19801
C36H40O14,4346338,695.2347
C38H48O12,21383714,695.30736
C33H30O17,5986437,697.14102
C34H34O16,4098213,697.17774
C35H38O15,5476550,697.21393
C36H42O14,3555558,697.2502
C37H46O13,9060615,697.28665
C38H50O12,37114152,697.32294
C27H25N1O21,3353556,698.08467
C33H32O17,7661468,699.15674
C34H36O16,3927996,699.19321
C35H40O15,3622877,699.2295
C36H44O14,5660670,699.26594
C37H48O13,35706912,699.30224
C41H44N6O5,2711608,699.3299
C35H43N1O14,4107141,700.26101
C34H38O16,5797606,701.20871
C35H42O15,4851463,701.24495
C36H46O14,2893609,701.28156
C40H42N6O6,2647874,701.30944
C31H24N6O14,6653386,703.12776
C33H36O17,2619905,703.18787
C34H40O16,3876387,703.22428
C35H30O16,2417948,705.1462
C33H20N6O13,3251270,707.10175
C35H32O16,2450559,707.16175
C36H36O15,3740833,707.19819
C55H32O1,22451398,707.2379
C35H34O16,2880502,709.17739
C36H38O15,4164633,709.21357
C37H42O14,3101756,709.25018
C38H46O13,2700382,709.28683
C39H50O12,4308097,709.32262
C38H24N4O11,4227916,711.13685
C30H32O20,47088464,711.14146
C35H36O16,4694914,711.1932
C36H40O15,7209893,711.22948
C46H40N4O4,5161958,711.29755
C38H48O13,55493612,711.3022
C39H52O12,4711438,711.33851
C37H30O15,9784042,713.15142
C34H34O17,2502399,713.17262
C35H38O16,2783010,713.20894
C37H46O14,5540713,713.28144
C38H50O13,93080456,713.31788
C24H53N5O19,3387237,714.32592
C36H28O16,2716282,715.13027
C37H32O15,2512542,715.16689
C34H36O17,2401971,715.18764
C35H40O16,2596567,715.22436
C36H44O15,4518651,715.2608
C37H48O14,2592542,715.29708
C41H44N6O6,6939450,715.32488
C36H30O16,5646915,717.14617
C35H28O17,3942909,719.12531
C36H32O16,3404321,719.16163
C34H40O17,3730011,719.21928
C40H48O12,4864692,719.30728
C24H34O25,4043239,721.13163
C35H30O17,5736945,721.14089
C56H34O1,2549348,721.25375
C40H50O12,6982314,721.32299
C35H32O17,4018683,723.15678
C55H32O2,44610120,723.2328
C40H52O12,9462454,723.33867
C30H31N1O20,3462635,724.13681
C31H34O20,3461643,725.15711
C35H34O17,3633691,725.1724
C36H38O16,3748416,725.20904
C37H42O15,5569126,725.24509
C38H46O14,4653708,725.28149
C39H50O13,12266161,725.31788
C40H54O12,4690648,725.35422
C37H28O16,4676117,727.13056
C35H36O17,2678353,727.18787
C36H40O16,4428407,727.22459
C37H44O15,3285661,727.26048
C38H48O14,11891396,727.29724
C39H52O13,14336745,727.33357
C50H80O3,3128325,727.60378
C31H18N6O16,4162066,729.071
C37H30O16,57412192,729.1461
C36H42O16,3832517,729.23998
C37H46O15,6753003,729.27641
C38H50O14,10005266,729.31277
C36H28O17,3998367,731.12562
C27H32N4O20,5030589,731.1536
C37H32O16,39637700,731.16177
C36H44O16,3148586,731.25578
C48H14O9,2921149,733.05655
C30H18N6O17,10091207,733.06592
C35H26O18,2476785,733.10486
C36H30O17,15416089,733.14099
C27H34N4O20,2939703,733.16905
C37H34O16,10279744,733.17745
C40H46O13,7605175,733.28662
C36H9N5O14,6848197,734.00736
C38H24O16,14115692,735.09928
C35H28O18,3347331,735.12004
C25H36O25,4301729,735.14752
C36H32O17,11768747,735.15666
C57H36O1,9278502,735.26933
C40H48O13,31024202,735.30221
C35H30O18,10013741,737.13608
C36H34O17,14871637,737.1724
C37H38O16,2702461,737.20838
C56H34O2,4900010,737.24879
C40H50O13,27946230,737.31788
C35H32O18,3427567,739.15148
C36H36O17,4713751,739.18781
C37H40O16,2567488,739.22429
C30H40N6O16,7574870,739.24311
C40H52O13,53491132,739.33351
C35H34O18,4064713,741.16714
C37H42O16,4175387,741.24008
C38H46O15,4464197,741.2765
C39H50O14,4365935,741.31279
C43H46N6O6,3368589,741.34032
C40H54O13,19742358,741.34914
C37H28O17,17393274,743.12533
C36H40O17,2824934,743.21903
C37H44O16,4523792,743.25579
C38H48O15,11622201,743.29208
C39H52O14,2622307,743.32844
C50H80O4,12830872,743.59851
C46H14N6O6,8683340,745.08996
C37H30O17,102584200,745.14107
C51H26N2O5,2444208,745.17675
C36H42O17,2875379,745.23514
C37H46O16,4466717,745.27133
C38H50O15,6586439,745.30776
C25H29N7O20,4224011,746.13925
C37H16O18,16177172,747.02672
C36H28O18,4692097,747.12046
C37H32O17,188111024,747.15665
C25H31N7O20,6905148,748.15485
C36H30O18,9683391,749.13608
C35H26N8O12,4837851,749.1594
C40H26N6O10,12689888,749.16384
C37H34O17,29778410,749.17238
C40H46O14,13976171,749.2815
C36H32O18,12258071,751.15161
C57H36O2,24669086,751.26417
C40H48O14,66284484,751.2971
C26H51N5O20,2650236,752.30567
C35H30O19,3290205,753.13097
C36H34O18,37893256,753.16726
C31H42N6O16,24409336,753.25867
C43H42N6O7,5227823,753.3043
C40H50O14,36042040,753.31284
C34H21N5O16,3205350,754.09079
C36H36O18,6737430,755.18287
C59H32O1,15179353,755.2379
C40H52O14,72974024,755.32843
C38H46O16,6354967,757.27154
C39H50O15,4653124,757.30775
C43H46N6O7,5408870,757.33561
C40H54O14,22251634,757.34413
C37H28O18,30724362,759.12033
C38H32O17,5609784,759.15678
C37H44O17,4112814,759.25088
C38H48O16,14315994,759.28705
C37H30O18,113285864,761.13599
C38H34O17,6531861,761.17244
C36H42O18,3210078,761.22995
C42H50O13,3195853,761.31774
C37H32O18,247637216,763.15158
C51H28N2O6,4373773,763.1874
C56H28O4,4218131,763.19175
C40H44O15,3183978,763.26056
C38H22O18,2463354,765.07371
C36H30O19,4810437,765.13082
C27H34N4O22,15765224,765.15894
C37H34O18,17223410,765.1674
C38H38O17,2574114,765.20352
C40H46O15,19271552,765.27635
C31H33N3O20,2872306,766.15839
C57H36O3,15939974,767.25928
C32H44N6O16,40483224,767.27434
C40H48O15,71874992,767.29209
C36H34O19,5952320,769.16242
C53H26N2O5,2483027,769.17699
C60H34O1,47694776,769.25357
C37H38N8O11,3965888,769.25898
C52H38N2O5,5060559,769.27088
C40H50O15,50480128,769.3077
C41H54O14,3281967,769.34393
C36H36O19,7781800,771.1779
C33H40O21,8711620,771.19882
C51H36N2O6,3127816,771.25004
C50H36N4O5,3005975,771.26103
C30H52N4O19,3947102,771.315
C40H52O15,29183594,771.32333
C41H56O14,8277658,771.35969
C38H30O18,2559969,773.1358
C39H34O17,3450897,773.17232
C54H26N6O1,5175363,773.20916
C38H46O17,4225168,773.26625
C39H50O16,3834049,773.30262
C30H54N4O19,2611431,773.33116
C40H54O15,6105330,773.33906
C37H28O19,27959890,775.11523
C52H24O8,5405299,775.13959
C38H32O18,7537284,775.15184
C37H30O19,22621456,777.1309
C38H34O18,10390851,777.16733
C37H32O19,13277166,779.14664
C38H36O18,11532320,779.18304
C59H40O2,3213500,779.29573
C40H46O16,11486082,781.2714
C33H46N6O16,47645596,781.28998
C34H40O21,6184480,783.19897
C61H36O1,76484224,783.26922
C40H48O16,31035036,783.28691
C35H47N1O19,3224590,784.26689
C34H47N3O18,3130398,784.27807
C40H34O17,6301980,785.17247
C52H38N2O6,4268450,785.26574
C47H46O11,5052878,785.29675
C40H50O16,50403800,785.3026
C41H54O15,3289611,785.33915
C52H40N2O6,2930938,787.28131
C40H52O16,28435760,787.31828
C41H56O15,11957604,787.35467
C38H30O19,2600830,789.13057
C48H26N2O10,2684828,789.15165
C39H34O18,5244852,789.16724
C40H38O17,5631977,789.20358
C40H54O16,7078055,789.33372
C37H28O20,7637725,791.11014
C52H20N6O4,4649747,791.14718
C53H11N7O3,2595969,792.08505
C37H30O20,4212368,793.12584
C38H34O19,3364551,793.16203
C37H32O20,4121189,795.14156
C38H36O19,12956315,795.17782
C59H40O3,9659205,795.29056
C37H34O20,4697688,797.15703
C62H38O1,95313688,797.28486
C36H49N1O19,4220178,798.28243
C35H49N3O18,3564836,798.29402
C34H40O22,17853068,799.19381
C40H48O17,11614995,799.28154
C54H44N2O5,3732299,799.31776
C42H56O15,2945925,799.3547
C43H60O14,3615677,799.39099
C52H22N2O8,2770500,801.13031
C36H34O21,6157926,801.15217
C40H50O17,17659720,801.2975
C39H32O19,2685589,803.14627
C39H34O19,3770115,805.16208
C41H42O17,3962743,805.23501
C38H32O20,3631957,807.14167
C38H34O20,3228666,809.15675
C39H38O19,2670645,809.19338
C38H36O20,10347708,811.17268
C59H40O4,9917811,811.28538
C63H40O1,4167052,811.30081
C42H54O16,3193478,813.33357
C40H48O18,2838278,815.27662
C55H40N6O2,2603843,815.31371
C43H60O15,6356923,815.38589
C57H22O7,2679559,817.1294
C41H29N3O16,2881961,818.1472
C39H32O20,4096040,819.14131
C40H36O19,3358821,819.17816
C39H34O20,4056422,821.15724
C41H42O18,4236768,821.22961
C42H62O16,44791544,821.39648
C45H56N6O9,3025987,823.40356
C39H38O20,6828069,825.18827
C42H20N8O12,2745608,827.11292
C27H32N4O26,7380250,827.12289
C48H24N6O9,6114638,827.15294
C41H36O19,2674816,831.17797
C40H31N7O14,14958427,832.18601
C53H26N2O9,3528186,833.1562
C40H36O20,5063624,835.17275
C41H42O19,2705895,837.22488
C42H62O17,3304206,837.39183
C61H44O4,5767262,839.31655
C49H44N8O6,2755704,839.33109
C36H42O23,5088636,841.20454
C40H24N6O16,13445843,843.11793
C41H36O20,3608390,847.17288
C42H40O19,3281800,847.20898
C40H34O21,2843964,849.15178
C53H28N2O10,3035008,851.16711
C61H44O5,5820665,855.31168
C42H34O20,4576807,857.15731
C58H20O9,5833749,859.10335
C69H16O1,11410471,859.11276
C42H36O20,2991253,859.17296
C54H18N6O7,2653575,861.11608
C69H18O1,9239198,861.12868
C45H38O18,24799208,865.19859
C44H36O19,7652912,867.17749
C48H32N6O11,3210853,867.20583
C42H43N7O14,5934631,868.27971
C42H34O21,9195885,873.15182
C57H26N6O5,4038065,873.18882
C47H24O18,2973560,875.08897
C42H36O21,5224457,875.16752
C62H24O7,2816231,879.14451
C44H34O20,3709828,881.15678
C58H30N2O8,3324871,881.19273
C44H36O20,141077040,883.17261
C63H48O5,3658598,883.34292
C43H34O21,5349512,885.15193
C47H30N6O13,15472827,885.17958
C43H36O21,9381674,887.16756
C55H32N6O7,4355990,887.22561
C42H34O22,3442055,889.14671
C43H38O21,8963530,889.18316
C42H36O22,5751844,891.16224
C46H38O19,2788060,893.19357
C62H24O8,2879731,895.14018
C44H34O21,9617277,897.15189
C50H26N8O10,2956190,897.16964
C58H30N2O9,7872448,897.18778
C44H36O21,621420032,899.16752
C63H48O6,3993412,899.33777
C43H34O22,10800204,901.14693
C47H30N6O14,64367744,901.17446
C43H36O22,17103562,903.16259
C42H34O23,3416319,905.14172
C43H38O22,15059266,905.17804
C42H36O23,5023598,907.1572
C46H38O20,6804974,909.18813
C47H42O19,15328818,909.22475
C44H34O22,25051670,913.14689
C45H38O21,37765720,913.18323
C44H36O22,925536320,915.1625
C47H30N6O15,94510728,917.16929
C39H33N7O20,19129744,918.17046
C43H36O23,7265407,919.15736
C47H36O20,3683482,919.17291
C66H23N3O4,3396489,920.1614
C43H38O23,20806300,921.17311
C47H42O20,56284872,925.21972
C60H28N6O6,2940024,927.19945
C63H28N8O2,6284456,927.22629
C44H34O23,36221400,929.14191
C45H38O22,59798040,929.17827
C44H36O23,13090726,931.15762
C61H24N8O4,7299031,931.18476
C43H34O24,2907428,933.13671
C48H17N5O17,2779999,934.05472
C43H36O24,4399822,935.15205
C43H38O24,14026855,937.16794
C52H28O18,5363071,939.12067
C47H40O21,2747908,939.19909
C48H44O20,4451907,939.23513
C60H44N8O4,3346168,939.34105
C47H42O21,60932980,941.21455
C59H24N6O8,3137619,943.15794
C63H28N8O3,7413951,943.22095
C44H36O24,6212232,947.15249
C45H40O23,13298372,947.18859
C59H36N2O11,3185408,947.22464
C44H38O24,3218336,949.16847
C64H26O10,8597804,953.14516
C45H29N7O18,3579792,954.14947
C48H44O21,4941420,955.23068
C41H11N5O24,6927130,955.9721
C59H30N2O12,3210920,957.17252
C47H42O22,20359906,957.20956
C49H40N2O19,2789228,959.21528
C67H30N8O1,4342787,961.24697
C45H40O24,5554154,963.18387
C64H15N3O9,2884988,968.07342
C64H26O11,21386200,969.14013
C49H46O21,3019897,969.24583
C48H44O22,3414062,971.22515
C47H34N4O20,3580817,973.16919
C47H42O23,8965060,973.2044
C59H34N2O13,5477066,977.1985
C76H22O3,4436239,981.14988
C69H21N5O4,3025567,982.15162
C60H28N6O10,3595060,991.17912
C76H22O4,21695920,997.14437
C68H54O8,3985110,997.3743
C76H22O5,29776000,1013.13946
C68H54O9,6220159,1013.36923
C53H26N2O28,3082274,1137.0596
C88H156O3,3069432,1260.19837
